Date,Open,High,Low,Close,Volume
01-08-2026 00:00,62887.88,63024.04,62887.87,62938.01,517.26897
01-08-2026 01:00,62938.01,62990.0,62923.47,62975.01,386.71985
01-08-2026 02:00,62975.0,63106.55,62975.0,63075.07,348.67082
01-08-2026 03:00,63075.08,63075.08,62970.65,63004.48,388.95582
01-08-2026 04:00,63004.47,63115.37,62993.2,63115.01,223.92941
01-08-2026 05:00,63115.0,63142.85,63000.85,63020.0,458.27671
01-08-2026 06:00,63020.0,63086.65,62992.82,63080.64,434.87477
01-08-2026 07:00,63080.65,63110.89,63034.0,63050.46,150.69173
01-08-2026 08:00,63050.45,63150.0,63050.45,63126.25,106.02817
01-08-2026 09:00,63126.25,63139.54,63046.33,63053.17,228.45152
01-08-2026 10:00,63053.17,63111.09,62986.31,63056.0,321.04349
01-08-2026 11:00,63055.99,63091.97,63037.72,63076.0,179.08594
01-08-2026 12:00,63076.0,63119.4,63076.0,63103.68,320.18632
01-08-2026 13:00,63103.68,63106.83,63051.0,63069.32,187.46878
01-08-2026 14:00,63069.31,63127.07,63069.31,63126.52,385.79335
01-08-2026 15:00,63126.53,63126.53,63007.05,63007.06,164.42533
01-08-2026 16:00,63007.06,63027.65,62874.0,62932.32,327.87182
01-08-2026 17:00,62932.32,62996.0,62666.0,62708.07,359.17517
01-08-2026 18:00,62708.06,62734.0,62275.0,62580.56,931.42897
01-08-2026 19:00,62580.55,62624.0,62461.17,62529.82,312.52626
01-08-2026 20:00,62529.81,62674.98,62482.99,62662.13,183.46966
01-08-2026 21:00,62662.14,62864.0,62662.13,62812.75,229.38386
01-08-2026 22:00,62812.76,62866.62,62794.17,62831.28,129.54917
01-08-2026 23:00,62831.29,62862.8,62769.97,62823.64,287.81315
02-08-2026 00:00,62823.65,62979.99,62806.58,62833.99,397.27424
02-08-2026 01:00,62834.0,63088.0,62834.0,62981.87,215.77694
02-08-2026 02:00,62981.87,63547.7,62958.54,63451.58,1068.41906
02-08-2026 03:00,63451.58,63550.0,63380.0,63461.95,388.55462
02-08-2026 04:00,63461.95,63612.0,63461.95,63590.0,302.37117
02-08-2026 05:00,63590.0,63634.0,63415.26,63453.27,261.31562
02-08-2026 06:00,63453.27,63498.15,63435.99,63482.49,160.39885
02-08-2026 07:00,63482.49,63544.51,63480.0,63506.24,412.11258
02-08-2026 08:00,63506.23,63530.0,63172.0,63193.99,542.79786
02-08-2026 09:00,63194.0,63320.0,63094.0,63273.94,277.11141
02-08-2026 10:00,63273.94,63273.94,63125.06,63205.03,200.2751
02-08-2026 11:00,63205.03,63206.0,62982.38,63031.99,373.06149
02-08-2026 12:00,63031.99,63231.67,63031.99,63125.49,247.99863
02-08-2026 13:00,63125.49,63146.89,63010.0,63126.92,262.12825
02-08-2026 14:00,63126.92,63186.0,63062.0,63069.37,314.22912
02-08-2026 15:00,63069.37,63186.0,63050.0,63109.14,191.05332
02-08-2026 16:00,63109.13,63273.49,63064.01,63180.36,267.96361
02-08-2026 17:00,63180.36,63342.0,63152.0,63300.28,318.39177
02-08-2026 18:00,63300.0,63610.01,63290.0,63382.01,518.81545
02-08-2026 19:00,63382.01,63479.85,63323.89,63456.01,247.35839
02-08-2026 20:00,63456.0,63501.48,63404.69,63494.52,140.51262
02-08-2026 21:00,63494.51,63785.0,63479.45,63578.0,457.27756
02-08-2026 22:00,63578.01,63796.33,63376.71,63424.58,484.1409
02-08-2026 23:00,63424.58,63596.0,63344.0,63570.0,337.67298
03-08-2026 00:00,63570.01,63596.0,63208.3,63317.6,357.32342
03-08-2026 01:00,63317.61,63350.0,63111.1,63212.16,372.31318
03-08-2026 02:00,63212.16,63286.0,63100.0,63141.4,334.18959
03-08-2026 03:00,63141.39,63168.44,62786.04,62870.49,516.46423
03-08-2026 04:00,62870.48,63001.77,62770.37,62790.0,320.41763
03-08-2026 05:00,62790.0,62875.02,62751.3,62827.17,546.69206
03-08-2026 06:00,62827.17,62872.58,62613.0,62623.6,396.31841
03-08-2026 07:00,62623.6,62700.0,62552.04,62621.1,1264.72827
03-08-2026 08:00,62621.1,62647.69,62300.0,62541.5,657.33122
03-08-2026 09:00,62541.5,62863.1,62520.0,62837.4,585.41075
03-08-2026 10:00,62837.4,62860.0,62615.11,62742.01,443.80935
03-08-2026 11:00,62742.01,62778.92,62540.95,62560.01,282.26451
03-08-2026 12:00,62560.01,62799.3,62445.26,62700.0,437.23263
03-08-2026 13:00,62700.01,63390.0,62562.42,63351.09,1121.39133
03-08-2026 14:00,63351.09,63992.71,63136.0,63967.19,2387.82383
03-08-2026 15:00,63967.19,63989.75,63646.59,63694.91,1368.53804
03-08-2026 16:00,63694.9,63939.99,63664.0,63776.46,800.0795
03-08-2026 17:00,63776.46,64059.75,63714.55,63906.0,628.1066
03-08-2026 18:00,63905.99,64000.0,63768.0,63870.87,368.04477
03-08-2026 19:00,63870.87,64080.0,63846.0,63869.38,545.18183
03-08-2026 20:00,63869.38,64023.61,63769.92,63775.43,498.9936
03-08-2026 21:00,63775.43,63791.98,63548.0,63590.15,427.95014
03-08-2026 22:00,63590.15,63680.0,63392.01,63618.0,422.48287
03-08-2026 23:00,63618.01,63621.35,63465.43,63520.0,460.20967
04-08-2026 00:00,63520.0,63585.09,63322.01,63361.99,536.23408
04-08-2026 01:00,63362.0,63927.99,63361.99,63847.93,808.63269
04-08-2026 02:00,63847.92,63972.0,63686.44,63822.44,596.20908
04-08-2026 03:00,63822.45,63860.0,63649.0,63800.01,343.13285
04-08-2026 04:00,63800.01,64243.81,63762.0,64029.0,795.09044
04-08-2026 05:00,64029.01,64056.0,63788.23,63818.48,306.74636
04-08-2026 06:00,63818.47,63859.71,63654.16,63670.0,321.82249
04-08-2026 07:00,63670.0,63763.63,63506.78,63685.74,779.79552
04-08-2026 08:00,63685.73,63748.22,63564.99,63588.94,412.14854
04-08-2026 09:00,63589.04,63610.0,63516.43,63603.73,356.68509
04-08-2026 10:00,63603.73,63842.0,63451.8,63764.0,613.8334
04-08-2026 11:00,63763.99,63950.0,63712.0,63926.0,457.77198
04-08-2026 12:00,63926.0,64062.46,63788.0,63906.41,546.54537
04-08-2026 13:00,63906.41,64097.74,63656.0,63683.94,1052.90355
04-08-2026 14:00,63683.95,64193.54,63615.38,64128.72,879.92592
04-08-2026 15:00,64128.73,64238.0,63814.29,64125.14,876.1178
04-08-2026 16:00,64125.14,64130.0,63897.22,63950.93,546.40306
04-08-2026 17:00,63950.94,64184.0,63892.0,63972.09,719.77508
04-08-2026 18:00,63972.09,64400.0,63965.73,64305.99,693.34672
04-08-2026 19:00,64305.99,64413.21,64193.57,64233.36,534.82384
04-08-2026 20:00,64233.35,64420.0,64001.68,64341.0,558.35238
04-08-2026 21:00,64341.0,64341.99,64175.52,64194.0,220.73608
04-08-2026 22:00,64193.99,64293.91,64140.0,64270.61,181.53234
04-08-2026 23:00,64270.62,64549.16,64081.26,64106.56,551.91443
05-08-2026 00:00,64106.55,64193.25,63978.44,63988.0,649.78599
05-08-2026 01:00,63988.0,64346.0,63950.0,64333.84,393.02738
05-08-2026 02:00,64333.85,64504.0,64322.59,64368.26,562.72054
05-08-2026 03:00,64368.27,64446.0,64046.0,64183.27,445.73851
05-08-2026 04:00,64183.27,64218.0,64088.01,64176.7,184.21473
05-08-2026 05:00,64176.69,64525.97,64163.36,64330.87,480.37923
05-08-2026 06:00,64330.86,64373.31,64229.34,64253.58,396.58374
05-08-2026 07:00,64253.59,64272.0,63995.89,64163.99,577.00898
05-08-2026 08:00,64164.0,64280.0,64098.0,64120.81,335.28683
05-08-2026 09:00,64120.81,64210.83,64102.95,64155.05,184.00109
05-08-2026 10:00,64155.06,64242.93,64020.0,64062.23,387.90421
05-08-2026 11:00,64062.23,64150.0,64044.5,64075.28,258.58817
05-08-2026 12:00,64075.28,64581.43,64050.0,64332.43,1037.97436
05-08-2026 13:00,64332.43,64412.0,63880.0,64407.99,1022.29322
05-08-2026 14:00,64407.99,64578.0,64300.0,64476.39,1047.50709
05-08-2026 15:00,64476.4,64744.0,64385.49,64388.01,986.83874
05-08-2026 16:00,64388.01,64760.99,64388.0,64661.99,538.9344
05-08-2026 17:00,64661.99,64804.0,64541.71,64770.0,480.07544
05-08-2026 18:00,64770.0,64844.99,64670.01,64799.1,509.17226
05-08-2026 19:00,64799.1,64936.18,64781.79,64840.28,466.98679
05-08-2026 20:00,64840.27,65025.22,64806.46,64822.89,498.389
05-08-2026 21:00,64822.88,64825.78,64657.69,64733.13,467.37291
05-08-2026 22:00,64733.13,64783.84,64629.81,64636.0,271.07045
05-08-2026 23:00,64636.0,64749.99,64579.15,64665.23,561.00122
06-08-2026 00:00,64665.24,64724.38,64572.0,64644.99,476.9934
06-08-2026 01:00,64644.92,64659.65,64498.0,64580.07,393.9399
06-08-2026 02:00,64580.08,64650.62,64439.34,64579.36,432.25507
06-08-2026 03:00,64579.36,64583.63,64493.2,64531.03,197.99261
06-08-2026 04:00,64531.03,64755.72,64496.27,64734.65,354.38235
06-08-2026 05:00,64734.65,64996.0,64730.26,64908.09,515.23827
06-08-2026 06:00,64908.1,64908.1,64745.69,64860.0,233.29381
06-08-2026 07:00,64860.0,64965.66,64776.0,64809.7,679.84082
06-08-2026 08:00,64809.7,64999.0,64760.0,64941.99,323.50568
06-08-2026 09:00,64942.0,64944.0,64630.0,64683.62,404.08385
06-08-2026 10:00,64683.62,64685.05,64581.21,64615.95,207.8831
06-08-2026 11:00,64615.95,64661.26,64503.54,64622.09,372.14171
06-08-2026 12:00,64622.08,64637.68,64381.96,64424.0,336.45805
06-08-2026 13:00,64424.01,64524.21,64172.0,64434.01,870.19548
06-08-2026 14:00,64434.01,64850.0,64362.0,64778.0,781.12724
06-08-2026 15:00,64778.01,64987.26,64624.29,64631.87,772.83402
06-08-2026 16:00,64631.88,64778.0,64592.37,64757.99,370.31723
06-08-2026 17:00,64758.0,64834.0,64548.81,64621.69,293.75208
06-08-2026 18:00,64621.68,64621.69,64378.67,64418.47,347.29306
06-08-2026 19:00,64418.48,64474.71,64365.0,64446.0,449.59357
06-08-2026 20:00,64446.01,64536.32,64439.7,64439.7,195.47529
06-08-2026 21:00,64439.71,64513.99,64404.74,64440.74,249.73283
06-08-2026 22:00,64440.74,64450.0,64330.4,64351.49,210.70667
06-08-2026 23:00,64351.48,64360.01,64200.0,64323.61,395.39675
07-08-2026 00:00,64323.61,64410.0,64230.59,64317.99,285.45231
07-08-2026 01:00,64318.0,64476.78,64300.0,64422.55,351.02167
07-08-2026 02:00,64422.54,64544.0,64252.09,64399.87,388.69448
07-08-2026 03:00,64399.88,64407.73,64260.0,64289.99,199.96303
07-08-2026 04:00,64289.99,64364.08,64166.0,64255.13,222.89749
07-08-2026 05:00,64255.14,64400.0,64177.62,64336.43,321.20596
07-08-2026 06:00,64336.42,64463.75,64283.91,64304.12,452.26837
07-08-2026 07:00,64304.12,64436.13,64264.0,64319.84,382.39149
07-08-2026 08:00,64319.84,64672.1,64304.22,64600.0,433.22408
07-08-2026 09:00,64600.0,64965.0,64599.99,64839.32,917.15159
07-08-2026 10:00,64839.32,64916.0,64802.0,64893.98,362.71626
07-08-2026 11:00,64893.99,65213.33,64893.64,65029.98,652.67441
07-08-2026 12:00,65029.98,65390.99,64986.26,65292.32,1412.7636
07-08-2026 13:00,65292.31,65338.0,64984.68,65009.24,1271.25225
07-08-2026 14:00,65009.23,65275.03,64788.0,64957.98,982.58571
07-08-2026 15:00,64957.98,65136.17,64894.83,64912.72,468.0279
07-08-2026 16:00,64912.71,65072.31,64814.0,64814.0,485.33624
07-08-2026 17:00,64814.01,64828.82,64525.0,64764.33,603.65716
07-08-2026 18:00,64764.33,64881.13,64676.0,64735.51,225.44204
07-08-2026 19:00,64735.52,65039.42,64735.52,64960.47,398.55222
07-08-2026 20:00,64960.46,65053.56,64948.0,64972.0,238.49651
07-08-2026 21:00,64972.0,65102.0,64928.0,64928.01,187.58406
07-08-2026 22:00,64928.02,64947.7,64846.0,64888.0,304.11479
07-08-2026 23:00,64888.0,64923.2,64869.99,64923.19,259.93041
08-08-2026 00:00,64923.2,64954.0,64784.19,64929.01,432.5947
08-08-2026 01:00,64929.01,64965.0,64908.97,64911.79,283.12303
08-08-2026 02:00,64911.8,64957.47,64894.49,64923.97,317.46111
08-08-2026 03:00,64923.98,65074.18,64918.28,65033.0,277.39242
08-08-2026 04:00,65033.0,65071.15,64971.18,65013.58,199.83614
08-08-2026 05:00,65013.58,65018.64,64976.0,64995.39,118.91329
08-08-2026 06:00,64995.39,65014.0,64959.81,65006.61,298.35674
08-08-2026 07:00,65006.61,65006.61,64951.34,64960.0,169.03379
08-08-2026 08:00,64959.99,65020.5,64948.56,64993.87,150.80437
08-08-2026 09:00,64993.88,65050.0,64992.98,64994.31,303.53576
08-08-2026 10:00,64994.31,65022.43,64994.31,65005.87,144.30853
08-08-2026 11:00,65005.88,65024.1,64957.0,64967.35,178.16146
08-08-2026 12:00,64967.36,65050.55,64924.0,65008.34,234.45077
08-08-2026 13:00,65008.33,65018.0,65000.0,65015.27,187.85749
08-08-2026 14:00,65015.27,65192.54,65015.27,65129.02,356.35929
08-08-2026 15:00,65129.01,65149.57,65061.31,65080.82,186.5848
08-08-2026 16:00,65080.83,65116.82,65039.0,65086.45,128.83529
08-08-2026 17:00,65086.46,65150.0,65075.46,65119.75,187.72596
08-08-2026 18:00,65119.75,65119.75,65025.54,65044.07,168.52013
08-08-2026 19:00,65044.08,65093.7,65017.39,65075.41,205.39734
08-08-2026 20:00,65075.4,65100.61,65060.0,65082.41,382.31735
08-08-2026 21:00,65082.42,65082.42,65000.53,65012.96,216.53129
08-08-2026 22:00,65012.95,65038.0,64948.17,64950.61,427.30382
08-08-2026 23:00,64950.62,64975.99,64936.01,64962.6,204.73811
09-08-2026 00:00,64962.6,64991.93,64958.17,64973.65,214.05253
09-08-2026 01:00,64973.65,65002.0,64838.33,64861.46,330.74593
09-08-2026 02:00,64861.46,64863.16,64777.92,64820.01,255.40052
09-08-2026 03:00,64820.01,64820.01,64730.08,64788.8,153.75776
09-08-2026 04:00,64788.8,64826.13,64785.0,64785.0,156.31772
09-08-2026 05:00,64785.01,64801.58,64777.0,64801.58,194.39306
09-08-2026 06:00,64801.57,64867.11,64801.57,64849.99,216.36529
09-08-2026 07:00,64850.0,64860.01,64826.14,64826.14,338.38864
09-08-2026 08:00,64826.15,64960.06,64792.1,64824.16,328.93534
09-08-2026 09:00,64824.17,64877.86,64809.68,64877.85,149.22124
09-08-2026 10:00,64877.86,64994.07,64877.85,64959.86,249.48898
09-08-2026 11:00,64959.87,65000.0,64950.0,64950.0,150.77221
09-08-2026 12:00,64950.01,64962.41,64914.73,64960.11,166.88575
09-08-2026 13:00,64960.12,65266.0,64960.11,65219.78,406.90586
09-08-2026 14:00,65219.78,65300.0,65150.95,65260.01,280.8075
09-08-2026 15:00,65260.01,65264.0,65214.0,65228.68,364.1864
09-08-2026 16:00,65228.68,65266.06,65182.36,65232.14,289.41282
09-08-2026 17:00,65232.15,65239.18,65198.68,65198.68,130.05099
09-08-2026 18:00,65198.68,65220.0,65192.0,65199.68,83.21999
09-08-2026 19:00,65199.69,65210.0,65179.72,65180.66,257.6312
09-08-2026 20:00,65180.66,65181.99,65046.25,65137.96,465.99754
09-08-2026 21:00,65137.96,65250.0,65115.05,65192.99,485.32235
09-08-2026 22:00,65192.99,65474.46,64971.41,65077.13,941.55321
09-08-2026 23:00,65077.13,65108.0,64842.59,64901.59,421.42323
10-08-2026 00:00,64901.59,65322.58,64826.78,64968.01,556.44925
10-08-2026 01:00,64968.21,65391.14,64900.0,65189.99,410.26148
10-08-2026 02:00,65190.0,65220.0,64903.54,65099.99,432.7132
10-08-2026 03:00,65099.99,65172.0,64904.99,64982.01,335.63049
10-08-2026 04:00,64982.0,65100.0,64924.0,65006.73,333.49313
10-08-2026 05:00,65006.74,65159.25,64979.88,65134.0,299.63603
10-08-2026 06:00,65134.0,65339.7,65130.01,65299.4,433.93661
10-08-2026 07:00,65299.4,65379.13,65196.53,65202.73,554.01187
10-08-2026 08:00,65202.72,65328.73,65192.0,65245.58,316.81156
10-08-2026 09:00,65245.59,65245.59,64958.87,64967.24,389.34609
10-08-2026 10:00,64967.25,65074.61,64967.24,65013.06,428.4961
10-08-2026 11:00,65013.07,65130.16,64977.93,65125.98,160.3373
10-08-2026 12:00,65125.99,65237.8,64850.0,64870.75,596.12387
10-08-2026 13:00,64870.74,64973.72,64518.01,64561.98,1297.24239
10-08-2026 14:00,64561.98,64888.32,64544.01,64625.77,650.29814
10-08-2026 15:00,64625.77,64711.43,64203.15,64299.99,1096.33991
10-08-2026 16:00,64299.99,64354.0,63830.57,63904.65,1498.06925
10-08-2026 17:00,63904.65,64027.12,63832.0,63953.04,1290.55418
10-08-2026 18:00,63953.04,64020.64,63806.27,63889.39,944.06538
10-08-2026 19:00,63889.39,64101.34,63888.01,64045.7,543.26284
10-08-2026 20:00,64045.7,64215.21,64023.06,64158.5,286.34235
10-08-2026 21:00,64158.49,64158.5,63987.0,63987.0,239.68387
10-08-2026 22:00,63987.0,64055.95,63944.0,64016.0,216.96727
10-08-2026 23:00,64015.99,64020.0,63920.69,63970.01,328.33621
11-08-2026 00:00,63970.01,64058.0,63895.64,64040.0,690.26826
11-08-2026 01:00,64040.01,64080.1,63958.2,64060.8,355.07512
11-08-2026 02:00,64060.8,64086.0,64030.0,64044.59,263.24469
11-08-2026 03:00,64044.6,64176.0,64044.59,64155.01,524.13513
11-08-2026 04:00,64155.0,64159.65,64021.02,64023.51,360.17249
11-08-2026 05:00,64023.51,64051.93,63964.0,64000.0,217.31247
11-08-2026 06:00,64000.0,64050.43,63852.0,63969.28,681.87714
11-08-2026 07:00,63969.29,64108.0,63911.09,64065.99,380.83043
11-08-2026 08:00,64066.0,64148.78,64044.72,64136.41,168.66039
11-08-2026 09:00,64136.41,64300.0,64121.51,64300.0,453.24003
11-08-2026 10:00,64300.0,64312.7,64200.0,64233.23,408.12036
11-08-2026 11:00,64233.23,64400.0,64233.23,64389.57,538.09782
11-08-2026 12:00,64389.58,64515.43,64274.57,64330.01,714.43565
11-08-2026 13:00,64330.0,64368.42,64050.0,64200.28,1390.7479
11-08-2026 14:00,64200.29,64263.83,63714.75,63770.03,985.02313
11-08-2026 15:00,63770.03,63868.0,63451.0,63609.87,1286.57237
11-08-2026 16:00,63609.86,63660.0,63459.54,63512.59,740.82749
11-08-2026 17:00,63512.59,63632.94,63461.88,63607.88,482.84238
11-08-2026 18:00,63607.87,63626.03,63251.59,63373.07,749.01907
11-08-2026 19:00,63373.07,63536.0,63238.0,63536.0,452.04779
11-08-2026 20:00,63536.0,63748.37,63536.0,63740.0,321.5572
11-08-2026 21:00,63740.0,63768.58,63622.0,63672.73,269.417
11-08-2026 22:00,63672.73,63768.0,63626.25,63668.49,253.27935
11-08-2026 23:00,63668.5,63668.5,63543.55,63600.0,204.82882
12-08-2026 00:00,63600.01,63745.53,63534.01,63742.07,247.42097
12-08-2026 01:00,63742.07,63855.5,63698.18,63813.8,499.92358
12-08-2026 02:00,63813.8,63908.01,63730.72,63749.76,612.29132
12-08-2026 03:00,63749.77,63845.91,63709.85,63835.59,538.85374
12-08-2026 04:00,63835.58,63891.42,63739.99,63769.58,568.35931
12-08-2026 05:00,63769.58,63869.56,63724.25,63849.94,540.4656
12-08-2026 06:00,63849.94,63849.94,63606.15,63711.97,563.28705
12-08-2026 07:00,63711.97,63838.0,63644.1,63837.99,458.43036
12-08-2026 08:00,63838.0,63867.2,63773.98,63794.94,303.11959
12-08-2026 09:00,63794.95,64130.47,63768.01,64108.81,553.52986
12-08-2026 10:00,64108.82,64218.0,64059.99,64143.36,996.13758
12-08-2026 11:00,64143.36,64249.5,64113.5,64240.04,414.30431
12-08-2026 12:00,64240.04,64500.0,63976.37,64119.71,1297.05947
12-08-2026 13:00,64119.72,64159.36,63840.0,63840.0,727.44098
12-08-2026 14:00,63840.0,63926.13,63362.74,63363.39,1163.88428
12-08-2026 15:00,63363.39,63570.01,63316.0,63441.47,771.05562
12-08-2026 16:00,63441.48,63578.0,63368.35,63492.12,487.79219
12-08-2026 17:00,63492.12,63556.0,63416.4,63471.0,292.36777
12-08-2026 18:00,63470.99,63522.56,63373.97,63386.59,396.92257
12-08-2026 19:00,63386.58,63465.13,63310.34,63421.11,381.53313
12-08-2026 20:00,63421.11,63600.0,63421.11,63599.99,307.26199
12-08-2026 21:00,63600.0,63661.24,63421.61,63469.83,267.57645
12-08-2026 22:00,63469.84,63536.0,63370.0,63432.28,240.00896
12-08-2026 23:00,63432.28,63482.89,63378.23,63479.99,998.04154
13-08-2026 00:00,63479.99,63717.31,63460.32,63556.92,406.77009
13-08-2026 01:00,63556.91,63631.67,63382.45,63456.11,317.88444
13-08-2026 02:00,63456.1,63582.0,63380.0,63550.01,458.1649
13-08-2026 03:00,63550.01,63686.4,63514.21,63646.99,401.71819
13-08-2026 04:00,63647.0,63778.0,63591.56,63693.74,223.42484
13-08-2026 05:00,63693.73,64010.0,63671.64,63878.0,500.10882
13-08-2026 06:00,63878.01,63942.36,63757.47,63942.35,256.03719
13-08-2026 07:00,63942.36,63947.09,63856.13,63865.84,533.09585
13-08-2026 08:00,63865.84,63915.0,63742.0,63766.8,439.81868
13-08-2026 09:00,63766.8,63786.49,63587.99,63782.64,337.82326
13-08-2026 10:00,63782.65,63818.16,63586.0,63651.19,317.79982
13-08-2026 11:00,63651.2,63660.76,63350.0,63484.3,355.63538
13-08-2026 12:00,63484.31,63710.0,63450.0,63697.76,384.47294
13-08-2026 13:00,63697.76,63850.0,63566.0,63724.0,561.86509
13-08-2026 14:00,63723.99,63999.0,63686.0,63859.45,669.38212
13-08-2026 15:00,63859.46,63940.08,63420.0,63420.01,505.15868
13-08-2026 16:00,63420.01,63568.97,62802.27,63160.13,1752.37181
13-08-2026 17:00,63160.13,63294.61,63074.44,63144.38,644.48394
13-08-2026 18:00,63144.37,63369.63,63105.44,63310.0,325.89181
13-08-2026 19:00,63310.0,63519.39,63310.0,63407.99,349.14796
13-08-2026 20:00,63408.0,63474.34,63368.0,63415.55,239.68311
13-08-2026 21:00,63415.56,63500.0,63390.0,63474.0,188.33344
13-08-2026 22:00,63474.0,63640.0,63473.99,63530.01,226.97651
13-08-2026 23:00,63530.01,63539.03,63400.0,63490.86,397.80966
14-08-2026 00:00,63490.86,63552.99,63410.0,63541.45,377.80366
14-08-2026 01:00,63541.45,63585.92,63458.0,63575.86,310.91391
14-08-2026 02:00,63575.86,63617.45,63465.38,63465.39,489.39475
14-08-2026 03:00,63465.39,63576.0,63301.58,63310.0,296.84163
14-08-2026 04:00,63310.0,63472.5,63276.0,63372.56,530.66039
14-08-2026 05:00,63372.56,63400.3,63286.67,63379.83,201.71573
14-08-2026 06:00,63379.83,63379.83,62942.0,62974.14,627.73261
14-08-2026 07:00,62974.14,63110.0,62920.0,62920.78,730.23378
14-08-2026 08:00,62920.78,62997.83,62700.0,62940.01,892.48443
14-08-2026 09:00,62940.01,62940.01,62744.0,62792.75,501.14919
14-08-2026 10:00,62792.75,62946.0,62739.98,62814.14,598.55074
14-08-2026 11:00,62814.14,62936.82,62814.0,62868.83,444.92265
14-08-2026 12:00,62868.83,62913.3,62726.26,62741.69,486.51649
14-08-2026 13:00,62741.68,62822.33,62605.0,62668.0,987.78817
14-08-2026 14:00,62668.0,62797.88,62535.24,62620.01,998.23888
14-08-2026 15:00,62620.01,63089.18,62612.0,62990.95,988.09918
14-08-2026 16:00,62990.94,63215.58,62966.86,63133.48,566.22185
14-08-2026 17:00,63133.49,63247.05,63000.0,63013.69,454.05828
14-08-2026 18:00,63013.7,63088.21,62894.85,62930.01,367.77038
14-08-2026 19:00,62930.01,62996.0,62830.0,62968.05,394.98545
14-08-2026 20:00,62968.06,63020.74,62896.85,62907.59,359.43765
14-08-2026 21:00,62907.59,62937.22,62873.25,62928.49,179.646
14-08-2026 22:00,62928.49,62957.28,62800.0,62886.88,226.57205
14-08-2026 23:00,62886.87,63066.13,62865.03,63043.56,329.09114
15-08-2026 00:00,63043.56,63059.5,62992.91,63019.88,208.64233
15-08-2026 01:00,63019.89,63051.78,62993.57,63045.13,485.23532
15-08-2026 02:00,63045.14,63134.82,63035.95,63134.41,243.54429
15-08-2026 03:00,63134.41,63187.98,63039.99,63051.25,184.46775
15-08-2026 04:00,63051.25,63151.65,63051.25,63122.0,172.30243
15-08-2026 05:00,63122.01,63155.76,63039.99,63089.0,213.28052
15-08-2026 06:00,63089.0,63134.84,63027.89,63114.68,373.75318
15-08-2026 07:00,63114.68,63134.83,63042.0,63075.43,688.73174
15-08-2026 08:00,63075.43,63085.8,62933.71,62935.72,177.99645
15-08-2026 09:00,62935.72,63045.83,62920.0,63030.38,183.99371
15-08-2026 10:00,63030.39,63051.74,63002.12,63046.1,79.58111
15-08-2026 11:00,63046.1,63054.69,62996.85,63022.01,175.71191
15-08-2026 12:00,63022.01,63055.36,62946.58,63050.13,109.73402
15-08-2026 13:00,63050.12,63080.88,63028.11,63060.35,132.2968
15-08-2026 14:00,63060.34,63060.35,62996.77,63040.0,244.03751
15-08-2026 15:00,63040.01,63120.09,63032.0,63100.55,214.37562
15-08-2026 16:00,63100.55,63124.99,63066.73,63096.63,202.83972
15-08-2026 17:00,63096.62,63100.69,63066.21,63070.5,96.56413
15-08-2026 18:00,63070.49,63115.58,63044.37,63057.58,294.79086
15-08-2026 19:00,63057.58,63127.4,63057.57,63126.08,516.06271
15-08-2026 20:00,63126.07,63126.08,63076.96,63103.29,55.31906
15-08-2026 21:00,63103.29,63168.95,63103.29,63159.04,170.99952
15-08-2026 22:00,63159.04,63175.0,63135.52,63135.52,95.56932
15-08-2026 23:00,63135.52,63139.96,63086.0,63086.01,85.33037
16-08-2026 00:00,63086.01,63086.01,63061.47,63085.82,94.57372
16-08-2026 01:00,63085.81,63085.82,63012.0,63084.78,180.55557
16-08-2026 02:00,63084.78,63151.59,63024.22,63121.91,245.34897
16-08-2026 03:00,63121.92,63130.01,63115.61,63130.0,105.94774
16-08-2026 04:00,63130.01,63158.8,63090.0,63090.01,130.32114
16-08-2026 05:00,63090.0,63094.0,63040.0,63069.43,235.12057
16-08-2026 06:00,63069.43,63083.79,63043.21,63069.31,280.31849
16-08-2026 07:00,63069.32,63069.32,63054.34,63061.02,146.93998
16-08-2026 08:00,63061.03,63079.76,63061.02,63072.42,108.9221
16-08-2026 09:00,63072.43,63072.43,62968.45,62992.69,290.93169
16-08-2026 10:00,62992.68,63013.62,62968.45,63008.57,133.29459
16-08-2026 11:00,63008.56,63013.66,62981.93,63013.66,213.61707
16-08-2026 12:00,63013.66,63025.42,62997.77,63021.98,78.74312
16-08-2026 13:00,63021.99,63070.05,63021.98,63060.01,146.76198
16-08-2026 14:00,63060.01,63102.86,63060.0,63102.85,159.23473
16-08-2026 15:00,63102.86,63146.4,63102.86,63146.39,173.3934
16-08-2026 16:00,63146.39,63390.0,63137.35,63260.01,394.04188
16-08-2026 17:00,63260.0,63276.61,63120.22,63159.3,190.81967
16-08-2026 18:00,63159.31,63173.71,63120.0,63140.06,89.92171
16-08-2026 19:00,63140.05,63230.0,63100.89,63108.81,186.2917
16-08-2026 20:00,63108.8,63140.0,63027.6,63067.79,122.98382
16-08-2026 21:00,63067.79,63085.15,62754.0,62929.61,328.59983
16-08-2026 22:00,62929.61,62954.0,62716.0,62913.7,453.8874
16-08-2026 23:00,62913.7,62993.77,62830.0,62900.0,246.66048
17-08-2026 00:00,62900.0,62956.0,62751.1,62917.54,577.24276
17-08-2026 01:00,62917.54,63246.91,62896.0,63116.12,495.52019
17-08-2026 02:00,63116.12,63500.0,63037.09,63403.34,459.80516
17-08-2026 03:00,63403.33,63520.0,63339.78,63429.21,637.65934
17-08-2026 04:00,63429.21,63580.0,63429.21,63532.44,714.19197
17-08-2026 05:00,63532.43,63594.76,63446.59,63520.18,770.70619
17-08-2026 06:00,63520.18,63717.17,63477.95,63667.99,312.69187
17-08-2026 07:00,63668.0,63668.0,63500.0,63514.45,696.41924
17-08-2026 08:00,63514.45,63545.08,63350.0,63380.84,520.36494
17-08-2026 09:00,63380.83,63428.0,63295.0,63323.96,311.26926
17-08-2026 10:00,63323.97,63694.26,63300.25,63692.21,683.00101
17-08-2026 11:00,63692.2,63781.69,63587.05,63631.1,428.28018
17-08-2026 12:00,63631.11,63680.0,63533.06,63554.69,405.66003
17-08-2026 13:00,63554.7,63799.64,63444.17,63672.36,585.29579
17-08-2026 14:00,63672.37,63904.76,63588.0,63902.63,583.47166
17-08-2026 15:00,63902.63,64227.27,63812.35,64200.0,1356.1435
17-08-2026 16:00,64200.0,64216.42,64058.0,64115.76,671.84426
17-08-2026 17:00,64115.76,64425.0,63979.3,64325.99,1418.9831
17-08-2026 18:00,64325.99,64610.01,64280.49,64428.87,1040.45275
17-08-2026 19:00,64428.88,64428.88,64288.35,64309.96,452.68874
17-08-2026 20:00,64309.95,64434.0,64266.0,64392.73,244.13801
17-08-2026 21:00,64392.72,64434.76,64296.0,64382.02,218.14648
17-08-2026 22:00,64382.02,64416.0,64283.49,64291.25,321.62233
17-08-2026 23:00,64291.26,64578.0,64288.24,64532.1,350.04837
18-08-2026 00:00,64532.11,64568.46,64367.27,64383.71,332.9031
18-08-2026 01:00,64383.72,64387.71,64156.0,64200.06,378.48537
18-08-2026 02:00,64200.06,64272.0,64048.0,64103.22,442.34864
18-08-2026 03:00,64103.22,64195.45,64047.73,64185.01,577.49413
18-08-2026 04:00,64185.0,64250.69,64090.0,64210.32,739.25374
18-08-2026 05:00,64210.33,64276.0,64140.0,64242.76,1323.90812
18-08-2026 06:00,64242.76,64446.0,64170.0,64318.03,694.7657
18-08-2026 07:00,64318.03,64350.0,64164.0,64198.97,394.05527
18-08-2026 08:00,64198.97,64336.0,64087.98,64296.02,402.40674
18-08-2026 09:00,64296.01,64296.01,64140.0,64171.95,269.49893
18-08-2026 10:00,64171.95,64216.0,64123.42,64202.8,219.75251
18-08-2026 11:00,64202.81,64402.35,64192.42,64351.19,310.52659
18-08-2026 12:00,64351.18,64355.64,64218.45,64230.02,236.94493
18-08-2026 13:00,64230.02,64284.0,64027.85,64219.99,1179.78725
18-08-2026 14:00,64219.99,65058.81,64219.99,64714.16,1757.31459
18-08-2026 15:00,64714.16,64888.0,64652.0,64855.06,513.17463
18-08-2026 16:00,64855.06,64891.81,64675.5,64840.0,419.07089
18-08-2026 17:00,64840.0,64840.01,64670.02,64670.02,400.18777
18-08-2026 18:00,64670.02,64822.0,64656.0,64772.0,219.3896
18-08-2026 19:00,64771.99,64796.0,64642.36,64643.26,185.09854
18-08-2026 20:00,64643.27,64654.87,64568.0,64582.39,191.92081
18-08-2026 21:00,64582.38,64653.97,64571.48,64604.58,187.67225
18-08-2026 22:00,64604.58,64648.0,64562.25,64634.0,200.09422
18-08-2026 23:00,64634.0,64780.0,64631.15,64725.42,213.8588
19-08-2026 00:00,64725.42,64736.27,64488.0,64488.0,247.80518
19-08-2026 01:00,64488.0,64551.47,64389.27,64400.48,314.2814
19-08-2026 02:00,64400.47,64414.65,64350.0,64351.9,547.93834
19-08-2026 03:00,64351.86,64414.0,64278.0,64330.71,258.70445
19-08-2026 04:00,64330.7,64391.8,64293.43,64316.22,402.06932
19-08-2026 05:00,64316.22,64409.93,64236.0,64236.01,258.31718
19-08-2026 06:00,64236.01,64344.0,64166.0,64339.8,531.39508
19-08-2026 07:00,64339.8,64395.78,64271.78,64296.0,630.66386
19-08-2026 08:00,64296.01,64510.95,64255.0,64413.95,381.23164
19-08-2026 09:00,64413.95,64470.66,64360.7,64427.06,228.1951
19-08-2026 10:00,64427.07,64456.71,64373.24,64456.71,262.84871
19-08-2026 11:00,64456.71,64539.05,64454.99,64515.63,286.02228
19-08-2026 12:00,64515.62,64988.0,64474.86,64882.15,785.09851
19-08-2026 13:00,64882.15,65217.86,64793.29,65012.12,1619.46727
19-08-2026 14:00,65012.12,65970.0,65012.11,65923.21,2365.56793
19-08-2026 15:00,65923.21,69500.0,65892.0,68554.0,9262.86965
19-08-2026 16:00,68554.0,68997.0,68416.36,68465.27,2013.58518
19-08-2026 17:00,68465.26,68546.22,67825.03,68197.29,1708.46485
19-08-2026 18:00,68197.3,68453.43,68042.0,68395.99,626.01288
19-08-2026 19:00,68396.0,68483.52,68103.71,68429.44,730.52396
19-08-2026 20:00,68429.44,69579.99,68390.0,69048.06,1419.23549
19-08-2026 21:00,69048.06,70000.0,68984.78,69709.46,2102.52662
19-08-2026 22:00,69709.47,69833.99,68980.0,69258.9,1240.65644
19-08-2026 23:00,69258.9,69453.88,69160.0,69334.79,830.81844
20-08-2026 00:00,69334.78,69793.21,69314.01,69420.0,1392.50902
20-08-2026 01:00,69420.0,69894.5,69283.25,69721.92,864.23959
20-08-2026 02:00,69721.92,69824.0,69268.0,69301.27,929.59108
20-08-2026 03:00,69301.27,69340.0,68902.22,69195.64,941.77624
20-08-2026 04:00,69195.64,69599.01,69166.0,69492.01,712.36152
20-08-2026 05:00,69492.0,69668.0,69349.16,69406.54,1261.47615
20-08-2026 06:00,69406.53,69927.97,69336.97,69851.99,1346.47743
20-08-2026 07:00,69851.99,70022.0,69506.91,69816.45,2107.14536
20-08-2026 08:00,69816.45,71826.26,69772.36,71592.1,4173.84476
20-08-2026 09:00,71592.11,72067.46,71500.0,71789.97,3166.23325
20-08-2026 10:00,71789.97,72490.0,71686.58,71995.99,2350.9646
20-08-2026 11:00,71995.99,72322.0,71820.0,71927.07,1357.58479
20-08-2026 12:00,71927.07,72015.42,71501.0,71952.04,1576.86402
20-08-2026 13:00,71952.04,72108.8,71132.0,71691.99,2151.9086
20-08-2026 14:00,71692.0,71990.09,71364.01,71826.85,1441.04171
20-08-2026 15:00,71826.85,72830.0,71789.01,72470.83,2926.7352
20-08-2026 16:00,72470.84,72905.0,72205.88,72837.15,1324.40386
20-08-2026 17:00,72837.15,72966.0,72534.71,72737.5,1268.41951
20-08-2026 18:00,72737.51,72810.0,72394.0,72431.36,968.00662
20-08-2026 19:00,72431.35,72774.0,72330.0,72690.76,818.65084
20-08-2026 20:00,72690.76,73110.7,72594.0,72671.75,871.61952
20-08-2026 21:00,72671.76,72848.0,72557.0,72741.81,501.87504
20-08-2026 22:00,72741.81,72878.0,72498.0,72676.22,520.26326
20-08-2026 23:00,72676.23,73400.0,72664.56,73025.15,930.8009
21-08-2026 00:00,73027.02,73990.0,73027.02,73708.02,1919.94005
21-08-2026 01:00,73707.82,75785.82,73668.0,75129.23,3173.32947
21-08-2026 02:00,75129.23,75197.08,74384.63,74439.74,1716.15486
21-08-2026 03:00,74439.75,74882.24,74247.46,74510.77,1039.80072
21-08-2026 04:00,74510.77,75054.46,74510.77,75026.0,825.51685
21-08-2026 05:00,75026.0,75500.0,74918.79,75472.73,1138.68225
21-08-2026 06:00,75472.73,75753.0,75104.0,75646.21,1382.10073
21-08-2026 07:00,75646.2,76916.95,75620.0,76308.65,3775.56433
21-08-2026 08:00,76308.66,79500.0,76235.76,79258.03,4366.47306
21-08-2026 09:00,79258.02,79363.79,77251.0,77910.71,4167.07817
21-08-2026 10:00,77910.71,78250.0,77621.8,77810.02,1604.18384
21-08-2026 11:00,77810.01,77855.78,76411.38,76722.32,2387.74046
21-08-2026 12:00,76722.31,77477.24,76538.0,77223.66,2680.17653
21-08-2026 13:00,77223.66,77700.0,76243.04,77266.87,2022.51306
21-08-2026 14:00,77266.88,77448.26,76552.74,77384.68,1855.76373
21-08-2026 15:00,77384.69,77871.33,77170.0,77221.98,1316.36575
21-08-2026 16:00,77221.98,77563.53,76784.81,77486.01,1368.21973
21-08-2026 17:00,77486.01,77722.12,77189.95,77392.68,1099.33856
21-08-2026 18:00,77392.69,77550.0,76643.72,77146.0,1247.39698
21-08-2026 19:00,77145.99,77360.0,76856.2,77028.94,1151.33799
21-08-2026 20:00,77028.94,77548.99,76863.56,77520.19,905.49008
21-08-2026 21:00,77520.19,78675.1,77388.0,78505.15,1351.97974
21-08-2026 22:00,78505.14,78760.68,78081.8,78460.14,1022.8221
21-08-2026 23:00,78460.13,78720.0,78100.26,78338.03,821.59664
22-08-2026 00:00,78338.03,78500.0,77683.37,77953.3,822.10615
22-08-2026 01:00,77953.3,78234.0,77816.66,77830.01,612.96043
22-08-2026 02:00,77830.01,78563.83,77791.19,78470.0,965.16893
22-08-2026 03:00,78470.0,78828.15,78372.0,78410.98,734.8031
22-08-2026 04:00,78410.98,78818.0,78207.61,78470.0,738.35305
22-08-2026 05:00,78470.0,78584.0,76500.0,77380.75,3816.352
22-08-2026 06:00,77380.75,77572.16,76985.14,77486.09,838.31259
22-08-2026 07:00,77486.09,77669.28,77220.0,77289.18,634.34953
22-08-2026 08:00,77289.18,77445.6,77037.42,77210.55,870.47609
22-08-2026 09:00,77210.55,77395.04,76851.25,77061.99,1089.30988
22-08-2026 10:00,77062.0,77187.46,76533.87,76976.0,1058.83574
22-08-2026 11:00,76976.01,77204.68,76772.05,77130.02,729.38003
22-08-2026 12:00,77130.01,77387.99,77073.86,77300.27,529.84412
22-08-2026 13:00,77300.27,77362.03,77116.0,77288.62,471.5874
22-08-2026 14:00,77288.62,77305.14,76930.0,77003.62,534.05012
22-08-2026 15:00,77003.62,77100.77,76880.0,76978.83,465.28762
22-08-2026 16:00,76978.83,77547.96,76956.36,77288.01,537.52059
22-08-2026 17:00,77288.01,77369.99,77066.66,77278.01,367.89271
22-08-2026 18:00,77278.01,77360.92,77138.0,77257.86,246.33381
22-08-2026 19:00,77257.87,77469.64,77206.53,77418.25,260.41653
22-08-2026 20:00,77418.26,77467.53,77258.0,77311.69,351.69043
22-08-2026 21:00,77311.69,77311.69,76828.78,76856.01,472.54194
22-08-2026 22:00,76856.0,77155.46,76772.0,76997.76,933.98314
22-08-2026 23:00,76997.77,77126.53,76900.0,77074.93,442.95254
23-08-2026 00:00,77074.94,77359.53,77042.91,77302.65,422.64795
23-08-2026 01:00,77302.65,77400.0,77158.0,77190.29,315.9346
23-08-2026 02:00,77190.29,77232.55,77005.88,77079.46,272.44621
23-08-2026 03:00,77079.46,77136.78,76837.0,76927.87,542.03792
23-08-2026 04:00,76927.87,77036.58,76477.04,76602.0,1142.31377
23-08-2026 05:00,76602.0,76730.99,75545.67,76053.37,2021.52468
23-08-2026 06:00,76053.38,76357.51,75872.89,76096.95,788.44492
23-08-2026 07:00,76096.96,76345.31,75907.82,76007.13,498.42122
23-08-2026 08:00,76007.12,76654.78,75952.09,76486.49,773.49224
23-08-2026 09:00,76486.49,76640.21,76467.0,76549.98,346.37256
23-08-2026 10:00,76549.99,76924.29,76542.0,76790.35,533.71157
23-08-2026 11:00,76790.35,77400.0,76744.94,77311.02,784.82342
23-08-2026 12:00,77311.02,77311.99,76975.63,77206.0,446.59889
23-08-2026 13:00,77206.01,77765.8,77192.21,77487.62,955.92825
23-08-2026 14:00,77487.62,77640.58,76802.0,77186.0,1015.68445
23-08-2026 15:00,77186.0,77336.93,76913.49,77156.13,562.15936
23-08-2026 16:00,77156.14,77475.0,77156.13,77429.88,303.2396
23-08-2026 17:00,77429.87,77443.95,77148.2,77176.41,396.15987
23-08-2026 18:00,77176.41,77415.33,77116.0,77341.98,670.17194
23-08-2026 19:00,77341.99,77487.04,77255.99,77346.01,294.93858
23-08-2026 20:00,77346.0,77460.0,77200.03,77401.6,169.97755
23-08-2026 21:00,77401.59,78052.85,77401.59,77833.23,861.63202
23-08-2026 22:00,77833.23,77979.0,77560.02,77598.88,587.36494
23-08-2026 23:00,77598.87,77829.7,77290.22,77734.0,661.20534
24-08-2026 00:00,77734.0,77742.0,77142.85,77679.5,630.62998
24-08-2026 01:00,77679.51,77717.28,76918.0,76922.1,853.47221
24-08-2026 02:00,76922.11,77545.08,76883.61,77478.69,732.4439
24-08-2026 03:00,77478.7,77532.37,76933.0,76933.02,1447.49069
24-08-2026 04:00,76933.02,77247.12,76670.01,76897.44,1191.36747
24-08-2026 05:00,76897.44,77226.93,76842.72,77149.4,884.51745
24-08-2026 06:00,77149.39,77525.09,77071.0,77464.33,745.9839
24-08-2026 07:00,77464.33,77790.19,77281.68,77307.15,681.33125
24-08-2026 08:00,77307.14,77414.88,76838.0,77041.47,921.46444
24-08-2026 09:00,77041.46,77602.8,77028.0,77554.08,523.00977
24-08-2026 10:00,77554.08,78017.0,77534.09,77617.22,1113.08488
24-08-2026 11:00,77617.23,78600.0,77450.0,78443.65,1324.46087
24-08-2026 12:00,78443.65,79326.48,77982.0,79159.99,1858.84351
24-08-2026 13:00,79159.98,79450.0,77851.9,78597.99,3300.58408
24-08-2026 14:00,78597.99,79841.12,78597.99,79510.92,3230.14333
24-08-2026 15:00,79510.93,80000.0,78824.78,79100.01,3666.17565
24-08-2026 16:00,79100.01,79877.87,78901.1,79047.6,1877.28842
24-08-2026 17:00,79047.61,79198.0,78468.61,78761.14,1637.93002
24-08-2026 18:00,78761.14,79084.22,78718.01,78928.35,783.83103
24-08-2026 19:00,78928.35,79118.42,78600.0,78758.0,1063.06502
24-08-2026 20:00,78757.99,78996.0,78560.0,78932.33,421.20967
24-08-2026 21:00,78932.33,79049.4,78853.43,78984.23,302.47665
24-08-2026 22:00,78984.23,78988.0,78692.0,78740.0,351.77026
24-08-2026 23:00,78740.0,79017.76,78622.13,78992.75,636.71946
25-08-2026 00:00,78992.76,79888.0,78715.63,79739.99,1133.49463
25-08-2026 01:00,79739.99,79985.41,79478.0,79828.0,1067.23419
25-08-2026 02:00,79828.0,81272.62,79742.0,80649.63,3314.90532
25-08-2026 03:00,80649.62,80956.0,80314.31,80488.01,1359.49076
25-08-2026 04:00,80488.01,80608.0,80150.0,80363.73,898.81211
25-08-2026 05:00,80363.74,80821.53,80322.0,80731.9,994.03992
25-08-2026 06:00,80731.9,80923.69,80420.0,80574.09,745.39881
25-08-2026 07:00,80574.09,80819.67,79369.17,79705.79,1307.68383
25-08-2026 08:00,79705.79,80249.0,79622.0,79930.77,788.31559
25-08-2026 09:00,79930.76,79958.0,78888.0,79187.2,1475.2851
25-08-2026 10:00,79187.2,79484.01,78992.0,79309.63,836.94668
25-08-2026 11:00,79309.63,79463.59,79044.18,79117.99,617.29432
25-08-2026 12:00,79118.0,79171.88,78640.0,78980.0,1007.3407
25-08-2026 13:00,78980.01,79222.0,78120.74,78647.99,1734.1222
25-08-2026 14:00,78648.0,79386.94,78531.55,79235.99,1216.06528
25-08-2026 15:00,79236.0,79527.09,79020.04,79502.01,794.08262
25-08-2026 16:00,79502.01,79563.71,79067.72,79156.02,676.1787
25-08-2026 17:00,79156.02,79256.08,78752.06,79240.01,747.28203
25-08-2026 18:00,79240.02,79380.0,79048.44,79128.0,469.50082
25-08-2026 19:00,79128.01,79233.57,78728.35,78925.95,702.86873
25-08-2026 20:00,78925.96,78976.0,78165.27,78206.13,777.55096
25-08-2026 21:00,78206.14,78664.0,77851.0,78570.0,840.88883
25-08-2026 22:00,78569.99,79000.0,78569.99,78889.51,577.33833
25-08-2026 23:00,78889.51,78977.49,78396.88,78539.14,690.39348
26-08-2026 00:00,78539.13,78721.48,78312.0,78631.79,680.65038
26-08-2026 01:00,78631.7,78960.0,78607.29,78815.13,572.39774
26-08-2026 02:00,78815.13,79251.6,78748.56,79108.0,505.52805
26-08-2026 03:00,79108.01,79184.0,78900.0,79088.62,453.50631
26-08-2026 04:00,79088.61,79200.0,78790.68,78826.0,482.93427
26-08-2026 05:00,78826.0,79143.62,78638.0,79085.98,515.23689
26-08-2026 06:00,79085.98,79206.0,78816.0,78947.92,459.3577
26-08-2026 07:00,78947.92,79096.0,78867.0,78925.56,516.24118
26-08-2026 08:00,78925.57,79119.37,78600.0,78707.59,995.42693
26-08-2026 09:00,78707.59,78877.02,78244.83,78444.49,553.36821
26-08-2026 10:00,78444.5,78879.75,78291.09,78727.45,367.28381
26-08-2026 11:00,78727.46,78782.0,78317.0,78487.26,413.44093
26-08-2026 12:00,78487.26,78713.79,77918.25,78319.59,1022.94925
26-08-2026 13:00,78319.58,78554.0,77913.19,78448.66,943.22287
26-08-2026 14:00,78448.66,78603.41,77774.0,77790.48,1051.14695
26-08-2026 15:00,77790.48,78167.26,77632.58,78011.65,712.24119
26-08-2026 16:00,78011.64,78161.73,77858.0,77991.3,600.54786
26-08-2026 17:00,77991.29,78603.0,77991.29,78442.83,585.12324
26-08-2026 18:00,78442.84,78650.26,78280.01,78472.41,337.24489
26-08-2026 19:00,78472.41,78572.0,78292.0,78475.49,466.85134
26-08-2026 20:00,78475.49,78521.7,78200.0,78452.04,322.22426
26-08-2026 21:00,78452.04,78845.06,78392.19,78724.01,428.48439
26-08-2026 22:00,78724.0,78975.85,78554.0,78700.0,931.26213
26-08-2026 23:00,78700.0,79174.12,78654.0,79023.75,697.0881
27-08-2026 00:00,79023.75,79028.49,78690.01,78690.01,527.82725
27-08-2026 01:00,78690.02,79017.99,78546.13,78898.67,520.71745
27-08-2026 02:00,78898.68,78978.0,78704.62,78717.76,429.02181
27-08-2026 03:00,78717.76,78990.0,78643.23,78830.68,357.29079
27-08-2026 04:00,78830.68,78900.0,78684.18,78783.99,181.61392
27-08-2026 05:00,78783.99,78928.0,78600.0,78912.55,297.32854
27-08-2026 06:00,78912.54,78912.55,78604.78,78817.49,399.15003
27-08-2026 07:00,78817.5,79095.99,78754.0,79082.17,345.94116
27-08-2026 08:00,79082.18,80022.0,79048.0,79755.99,1705.62217
27-08-2026 09:00,79756.0,80520.0,79683.09,79986.0,1131.87984
27-08-2026 10:00,79986.0,80158.15,79342.0,79626.0,684.67175
27-08-2026 11:00,79625.99,79766.3,79172.65,79477.67,621.11446
27-08-2026 12:00,79477.66,79596.0,79266.0,79282.31,505.96518
27-08-2026 13:00,79282.31,79568.0,78920.0,79533.15,1143.32188
27-08-2026 14:00,79533.16,80388.0,79354.47,80204.05,1464.1918
27-08-2026 15:00,80204.06,80799.91,80094.0,80302.32,1415.34964
27-08-2026 16:00,80302.32,80624.0,80189.39,80374.0,957.98058
27-08-2026 17:00,80374.0,80848.74,80230.0,80442.46,973.76075
27-08-2026 18:00,80442.47,80442.47,79749.7,80150.69,662.82544
27-08-2026 19:00,80150.69,80294.11,79886.0,79910.19,514.60852
27-08-2026 20:00,79910.19,80120.0,79882.86,80096.0,282.87253
27-08-2026 21:00,80096.0,80184.0,79975.74,80184.0,278.41542
27-08-2026 22:00,80184.0,80432.36,80150.0,80303.21,534.24073
27-08-2026 23:00,80303.21,80393.6,80134.0,80249.58,329.82531
28-08-2026 00:00,80249.59,80705.37,80153.99,80576.0,516.59696
28-08-2026 01:00,80575.99,81478.87,80434.15,80500.38,1463.05089
28-08-2026 02:00,80500.38,80500.38,79723.02,79926.11,1190.20509
28-08-2026 03:00,79926.11,80060.01,79775.61,79810.49,530.69453
28-08-2026 04:00,79810.48,79970.5,79603.81,79643.81,562.86792
28-08-2026 05:00,79643.8,79872.6,79558.11,79686.0,326.58104
28-08-2026 06:00,79686.0,79999.0,79685.99,79904.21,359.1323
28-08-2026 07:00,79904.21,79904.21,79573.36,79660.0,1018.10642
28-08-2026 08:00,79660.0,79840.0,79480.0,79516.78,526.20796
28-08-2026 09:00,79516.77,79516.78,79259.43,79285.19,541.74443
28-08-2026 10:00,79285.19,79571.99,79001.01,79565.89,548.77151
28-08-2026 11:00,79565.9,79770.29,79555.22,79604.13,394.07937
28-08-2026 12:00,79604.12,79727.36,79306.11,79421.05,400.05317
28-08-2026 13:00,79421.04,79635.01,79034.56,79330.75,843.2247
28-08-2026 14:00,79330.34,79706.64,78423.03,79542.44,2930.13002
28-08-2026 15:00,79542.44,79838.73,78312.64,78331.13,1255.01594
28-08-2026 16:00,78331.13,78404.0,76888.0,77788.46,2955.61638
28-08-2026 17:00,77788.45,78131.86,77642.78,77904.0,722.76014
28-08-2026 18:00,77904.0,77935.5,77270.0,77554.0,575.36359
28-08-2026 19:00,77554.0,77797.35,77376.0,77580.03,501.052
28-08-2026 20:00,77580.03,77609.83,77310.24,77407.34,264.10726
28-08-2026 21:00,77407.34,77537.33,77255.69,77364.0,392.38715
28-08-2026 22:00,77364.0,77773.2,77342.0,77758.69,339.14252
28-08-2026 23:00,77758.69,77846.72,77640.74,77845.87,599.54517
29-08-2026 00:00,77845.88,77963.92,77722.0,77733.63,321.80979
29-08-2026 01:00,77733.63,77849.29,77631.28,77794.11,235.06968
29-08-2026 02:00,77794.11,77829.72,77584.53,77671.18,367.62079
29-08-2026 03:00,77671.18,77731.43,77507.16,77507.17,238.89187
29-08-2026 04:00,77507.17,77678.67,77507.17,77648.91,229.90598
29-08-2026 05:00,77648.91,77716.12,77604.06,77632.53,195.32253
29-08-2026 06:00,77632.52,77632.53,77382.37,77466.82,305.02922
29-08-2026 07:00,77466.83,77672.0,77438.01,77626.01,933.89852
29-08-2026 08:00,77626.01,77634.0,77487.73,77633.99,281.67849
29-08-2026 09:00,77634.0,77754.23,77566.01,77650.03,212.52791
29-08-2026 10:00,77650.02,77732.0,77526.0,77635.17,228.16206
29-08-2026 11:00,77635.17,77724.99,77573.32,77584.67,269.60514
29-08-2026 12:00,77584.66,77657.99,77506.63,77583.74,316.37633
29-08-2026 13:00,77583.74,77722.0,77559.45,77704.32,195.58499
29-08-2026 14:00,77704.32,78150.0,77663.83,78014.37,456.42164
29-08-2026 15:00,78014.37,78014.37,77806.9,77865.36,314.87544
29-08-2026 16:00,77865.36,78130.43,77858.29,78027.17,330.48346
29-08-2026 17:00,78027.17,78100.0,77896.0,78100.0,210.10626
29-08-2026 18:00,78099.99,78250.0,78018.02,78158.01,252.93546
29-08-2026 19:00,78158.01,78330.0,78138.87,78182.0,231.34566
29-08-2026 20:00,78181.99,78298.0,78117.95,78129.92,132.29288
29-08-2026 21:00,78129.92,78198.0,78062.0,78161.63,132.03751
29-08-2026 22:00,78161.62,78239.4,78086.0,78228.34,298.22816
29-08-2026 23:00,78228.33,78283.7,78190.0,78230.0,326.0928
30-08-2026 00:00,78230.0,78330.0,78147.17,78179.86,185.20224
30-08-2026 01:00,78179.86,78190.0,77994.02,78081.5,257.05271
30-08-2026 02:00,78081.49,78178.02,78014.74,78106.01,119.64466
30-08-2026 03:00,78106.0,78233.7,78065.99,78144.68,254.40453
30-08-2026 04:00,78144.68,78220.0,77990.0,78109.75,215.53426
30-08-2026 05:00,78109.74,78214.0,78109.74,78127.71,161.29313
30-08-2026 06:00,78127.72,78310.71,78106.07,78280.34,208.68022
30-08-2026 07:00,78280.34,78291.27,78118.0,78118.0,137.5055
30-08-2026 08:00,78118.0,78207.22,78034.0,78074.01,143.67594
30-08-2026 09:00,78074.01,78118.87,77986.0,78000.01,165.26795
30-08-2026 10:00,78000.01,78145.29,77962.49,78145.29,168.30514
30-08-2026 11:00,78145.29,78242.0,78117.11,78166.0,172.04094
30-08-2026 12:00,78165.99,78850.81,78165.99,78785.06,814.10982
30-08-2026 13:00,78785.06,78966.76,78590.14,78860.0,488.8202
30-08-2026 14:00,78860.01,78945.94,78722.0,78783.71,439.32977
30-08-2026 15:00,78783.7,78912.94,78626.0,78823.63,553.82108
30-08-2026 16:00,78823.62,79400.0,78750.0,79337.93,667.56388
30-08-2026 17:00,79337.93,79337.93,78774.85,79021.02,460.72685
30-08-2026 18:00,79021.02,79181.99,78776.0,79036.69,293.7787
30-08-2026 19:00,79036.68,79041.96,78721.98,78856.39,232.19118
30-08-2026 20:00,78856.39,78931.49,78438.23,78597.33,294.2134
30-08-2026 21:00,78597.32,78733.77,78229.82,78653.0,461.41088
30-08-2026 22:00,78653.0,78804.0,78280.0,78422.01,390.42367
30-08-2026 23:00,78422.01,78454.0,77000.0,77682.0,1800.4274
31-08-2026 00:00,77682.0,78185.89,77436.4,77937.04,711.43379
31-08-2026 01:00,77937.03,77993.03,77565.08,77640.94,567.26058
31-08-2026 02:00,77640.93,78000.0,77392.0,77473.99,573.39934
31-08-2026 03:00,77474.0,77872.0,77394.0,77756.71,278.92536
31-08-2026 04:00,77756.7,77769.11,77458.83,77622.28,550.02773
31-08-2026 05:00,77622.29,78156.78,77514.0,78016.0,511.92091
31-08-2026 06:00,78016.01,78156.77,77864.16,78093.87,968.0221
31-08-2026 07:00,78093.88,78322.56,78034.01,78196.01,716.03378
31-08-2026 08:00,78196.01,78521.89,77982.0,78480.8,782.74546
31-08-2026 09:00,78480.79,78802.0,78396.35,78511.03,624.76686
31-08-2026 10:00,78511.03,78732.0,78316.91,78710.01,576.71834
31-08-2026 11:00,78710.02,78710.02,78302.0,78315.43,482.35572
31-08-2026 12:00,78315.43,78543.86,77675.04,77930.39,816.61258
31-08-2026 13:00,77930.4,78282.0,77716.75,77867.39,1083.2716
31-08-2026 14:00,77867.39,78686.94,77746.6,78600.14,1368.66274
31-08-2026 15:00,78601.93,78777.9,78212.3,78580.42,1119.65651
31-08-2026 16:00,78580.43,78884.48,78524.0,78639.57,576.26452
31-08-2026 17:00,78639.57,79019.86,78494.0,78897.36,604.69852
31-08-2026 18:00,78897.35,79212.0,78779.24,79016.0,473.51591
31-08-2026 19:00,79016.01,79250.0,78851.93,78898.06,423.46335
31-08-2026 20:00,78898.06,79172.0,78784.32,78864.72,366.68341
31-08-2026 21:00,78864.73,79071.12,78732.22,78964.32,404.71113
31-08-2026 22:00,78964.33,79015.83,78579.3,78593.15,346.21313
31-08-2026 23:00,78593.15,78593.61,78405.01,78581.29,376.54265
