window_id,config_name,config_hash,costs_hash,train_start,train_end,eval_start,eval_end,train_candles,eval_candles,warmup_candles,trades,end_of_data_count,boundary_affected_count,exit_counts,win_rate,profit_factor,gross_pnl,net_pnl,average_pnl,median_pnl,max_drawdown,ending_balance,fee_total,spread_total,slippage_total,total_friction,bars_held_mean,bars_held_median,first_entry,last_exit,warmup_rule,boundary_policy,selection_disclosure
1,baseline,2FBDB9A8814ABC81062C2B0A61DFDCFAC69C95CF1789D0BAE6BEE4B11ADC3BF7,C24F79986249A05541709B583015FFBE012055DC324F4C4F6ED8CF97B6123C7E,2024-01-01 00:00:00,2024-06-30 23:00:00,2024-07-01 00:00:00,2024-09-30 23:00:00,4368,2208,4368,50,1,1,end_of_data=1;opposite_signal=49,0.32,0.6427701465432991,-16.670297356426875,-31.657722625057552,-0.633154452501151,-1.8768014732869966,0.004164342295862244,9968.342277374946,9.991616845753786,0.0,4.995808422876893,14.987425268630679,44.14,26.0,2024-07-01 00:00:00,2024-09-30 23:00:00,full_preceding_series,retain_boundary_force_closes,baseline is the unmodified V1 StrategyConfig(); no Phase 13 result was used to select it.
2,baseline,2FBDB9A8814ABC81062C2B0A61DFDCFAC69C95CF1789D0BAE6BEE4B11ADC3BF7,C24F79986249A05541709B583015FFBE012055DC324F4C4F6ED8CF97B6123C7E,2024-04-01 00:00:00,2024-09-30 23:00:00,2024-10-01 00:00:00,2024-12-31 23:00:00,4392,2208,6576,42,1,1,end_of_data=1;opposite_signal=41,0.30952380952380953,0.9208768557688412,7.800735172796381,-4.875370539344097,-0.1160802509367642,-1.059743737837319,0.0032436383678098543,9995.124629460652,8.450737141426986,0.0,4.225368570713493,12.676105712140478,52.19047619047619,42.5,2024-10-01 15:00:00,2024-12-31 23:00:00,full_preceding_series,retain_boundary_force_closes,baseline is the unmodified V1 StrategyConfig(); no Phase 13 result was used to select it.
3,baseline,2FBDB9A8814ABC81062C2B0A61DFDCFAC69C95CF1789D0BAE6BEE4B11ADC3BF7,C24F79986249A05541709B583015FFBE012055DC324F4C4F6ED8CF97B6123C7E,2024-07-01 00:00:00,2024-12-31 23:00:00,2025-01-01 00:00:00,2025-03-31 23:00:00,4416,2160,8784,43,1,1,end_of_data=1;opposite_signal=42,0.32558139534883723,0.6458164698580505,-11.790835235718047,-24.651927785515465,-0.5733006461747783,-1.2999275003241069,0.004505551463478575,9975.348072214489,8.574061699864943,0.0,4.287030849932472,12.861092549797416,49.74418604651163,41,2025-01-01 20:00:00,2025-03-31 23:00:00,full_preceding_series,retain_boundary_force_closes,baseline is the unmodified V1 StrategyConfig(); no Phase 13 result was used to select it.
4,baseline,2FBDB9A8814ABC81062C2B0A61DFDCFAC69C95CF1789D0BAE6BEE4B11ADC3BF7,C24F79986249A05541709B583015FFBE012055DC324F4C4F6ED8CF97B6123C7E,2024-10-01 00:00:00,2025-03-31 23:00:00,2025-04-01 00:00:00,2025-06-30 23:00:00,4368,2184,10944,52,1,1,end_of_data=1;opposite_signal=51,0.23076923076923078,0.3566180699372605,-34.14092534956616,-49.73247108281,-0.956393674669423,-1.4209427206251455,0.00525483582017223,9950.267528917195,10.394363822162557,0.0,5.1971819110812785,15.591545733243837,41.80769230769231,28.5,2025-04-01 09:00:00,2025-06-30 23:00:00,full_preceding_series,retain_boundary_force_closes,baseline is the unmodified V1 StrategyConfig(); no Phase 13 result was used to select it.
5,baseline,2FBDB9A8814ABC81062C2B0A61DFDCFAC69C95CF1789D0BAE6BEE4B11ADC3BF7,C24F79986249A05541709B583015FFBE012055DC324F4C4F6ED8CF97B6123C7E,2025-01-01 00:00:00,2025-06-30 23:00:00,2025-07-01 00:00:00,2025-09-30 23:00:00,4344,2208,13128,38,1,1,end_of_data=1;opposite_signal=37,0.34210526315789475,0.8623867892593283,6.7411070209238755,-4.668769260739053,-0.12286234896681718,-0.7077871922031177,0.001496140512927903,9995.331230739266,7.606584187775286,0.0,3.803292093887643,11.409876281662928,57.78947368421053,49.0,2025-07-01 11:00:00,2025-09-30 23:00:00,full_preceding_series,retain_boundary_force_closes,baseline is the unmodified V1 StrategyConfig(); no Phase 13 result was used to select it.
6,baseline,2FBDB9A8814ABC81062C2B0A61DFDCFAC69C95CF1789D0BAE6BEE4B11ADC3BF7,C24F79986249A05541709B583015FFBE012055DC324F4C4F6ED8CF97B6123C7E,2025-04-01 00:00:00,2025-09-30 23:00:00,2025-10-01 00:00:00,2025-12-31 23:00:00,4392,2208,15336,42,1,1,end_of_data=1;opposite_signal=41,0.38095238095238093,0.7065853192616129,-5.706993616680986,-18.273265128064164,-0.43507774114438486,-0.965020470265723,0.0033260711806574516,9981.726734871934,8.37751434092212,0.0,4.18875717046106,12.566271511383182,52.333333333333336,37.5,2025-10-01 09:00:00,2025-12-31 23:00:00,full_preceding_series,retain_boundary_force_closes,baseline is the unmodified V1 StrategyConfig(); no Phase 13 result was used to select it.
1,A2,46B26C08D43431AF46A8B2102BB3CE9362E7390AA1A391F3EA8F958D036B6B36,C24F79986249A05541709B583015FFBE012055DC324F4C4F6ED8CF97B6123C7E,2024-01-01 00:00:00,2024-06-30 23:00:00,2024-07-01 00:00:00,2024-09-30 23:00:00,4368,2208,4368,44,1,1,end_of_data=1;opposite_signal=43,0.36363636363636365,0.6985809347641706,-9.8203527569869,-23.0135234263091,-0.5230346233252068,-1.7919288990645743,0.0035245030222878825,9976.986476573687,8.795447112881467,0.0,4.3977235564407335,13.193170669322202,50.15909090909091,30.5,2024-07-01 00:00:00,2024-09-30 23:00:00,full_preceding_series,retain_boundary_force_closes,"A2 (min_breakout_distance=0.002) was selected during Phase 7 using 2024-2025 research data. Evaluation windows 2-6 fall inside that selection period, so these results are NOT clean independent validation."
2,A2,46B26C08D43431AF46A8B2102BB3CE9362E7390AA1A391F3EA8F958D036B6B36,C24F79986249A05541709B583015FFBE012055DC324F4C4F6ED8CF97B6123C7E,2024-04-01 00:00:00,2024-09-30 23:00:00,2024-10-01 00:00:00,2024-12-31 23:00:00,4392,2208,6576,34,1,1,end_of_data=1;opposite_signal=33,0.35294117647058826,1.2495019994972707,22.439866266971737,12.161720203002867,0.3576976530294961,-0.9086647479325514,0.002042528642348693,10012.161720203,6.852097375979249,0.0,3.4260486879896246,10.278146063968872,64.47058823529412,58.5,2024-10-01 15:00:00,2024-12-31 23:00:00,full_preceding_series,retain_boundary_force_closes,"A2 (min_breakout_distance=0.002) was selected during Phase 7 using 2024-2025 research data. Evaluation windows 2-6 fall inside that selection period, so these results are NOT clean independent validation."
3,A2,46B26C08D43431AF46A8B2102BB3CE9362E7390AA1A391F3EA8F958D036B6B36,C24F79986249A05541709B583015FFBE012055DC324F4C4F6ED8CF97B6123C7E,2024-07-01 00:00:00,2024-12-31 23:00:00,2025-01-01 00:00:00,2025-03-31 23:00:00,4416,2160,8784,39,1,1,end_of_data=1;opposite_signal=38,0.3076923076923077,0.6403434098902914,-11.56277816031639,-23.228750768446208,-0.5956089940627233,-1.3508930032494653,0.004006218888498571,9976.771249231551,7.777315072086545,0.0,3.8886575360432727,11.665972608129819,54.82051282051282,44,2025-01-01 21:00:00,2025-03-31 23:00:00,full_preceding_series,retain_boundary_force_closes,"A2 (min_breakout_distance=0.002) was selected during Phase 7 using 2024-2025 research data. Evaluation windows 2-6 fall inside that selection period, so these results are NOT clean independent validation."
4,A2,46B26C08D43431AF46A8B2102BB3CE9362E7390AA1A391F3EA8F958D036B6B36,C24F79986249A05541709B583015FFBE012055DC324F4C4F6ED8CF97B6123C7E,2024-10-01 00:00:00,2025-03-31 23:00:00,2025-04-01 00:00:00,2025-06-30 23:00:00,4368,2184,10944,36,1,1,end_of_data=1;opposite_signal=35,0.2777777777777778,0.5379460009660113,-12.829246068027201,-23.647966482937438,-0.6568879578593733,-1.1439877115872261,0.002781454469907476,9976.352033517061,7.212480276606825,0.0,3.6062401383034124,10.818720414910239,60.388888888888886,51.0,2025-04-01 09:00:00,2025-06-30 23:00:00,full_preceding_series,retain_boundary_force_closes,"A2 (min_breakout_distance=0.002) was selected during Phase 7 using 2024-2025 research data. Evaluation windows 2-6 fall inside that selection period, so these results are NOT clean independent validation."
5,A2,46B26C08D43431AF46A8B2102BB3CE9362E7390AA1A391F3EA8F958D036B6B36,C24F79986249A05541709B583015FFBE012055DC324F4C4F6ED8CF97B6123C7E,2025-01-01 00:00:00,2025-06-30 23:00:00,2025-07-01 00:00:00,2025-09-30 23:00:00,4344,2208,13128,30,1,1,end_of_data=1;opposite_signal=29,0.36666666666666664,1.066028038607545,10.735030287200598,1.7237110291685411,0.057457034305618035,-0.9518263692144896,0.001128726325513895,10001.723711029175,6.00754617202137,0.0,3.003773086010685,9.011319258032056,73.06666666666666,53.0,2025-07-01 15:00:00,2025-09-30 23:00:00,full_preceding_series,retain_boundary_force_closes,"A2 (min_breakout_distance=0.002) was selected during Phase 7 using 2024-2025 research data. Evaluation windows 2-6 fall inside that selection period, so these results are NOT clean independent validation."
6,A2,46B26C08D43431AF46A8B2102BB3CE9362E7390AA1A391F3EA8F958D036B6B36,C24F79986249A05541709B583015FFBE012055DC324F4C4F6ED8CF97B6123C7E,2025-04-01 00:00:00,2025-09-30 23:00:00,2025-10-01 00:00:00,2025-12-31 23:00:00,4392,2208,15336,34,1,1,end_of_data=1;opposite_signal=33,0.38235294117647056,0.7122124598032261,-6.511682533700282,-16.67855371288755,-0.4905456974378691,-0.9282548921283581,0.003949885798905783,9983.321446287113,6.77791411945818,0.0,3.38895705972909,10.16687117918727,64.6470588235294,41.5,2025-10-01 09:00:00,2025-12-31 23:00:00,full_preceding_series,retain_boundary_force_closes,"A2 (min_breakout_distance=0.002) was selected during Phase 7 using 2024-2025 research data. Evaluation windows 2-6 fall inside that selection period, so these results are NOT clean independent validation."
