config_name,feature,kind,availability,price_scale,n_total,n_present,n_missing,levels,count,missing,minimum,maximum,mean,median,stdev,quantiles,excluded_from_conditions,exclusion_reason
baseline,side,categorical,ENTRY_TIME,False,267,267,0,long=134 (0.5019); short=133 (0.4981),,,,,,,,,False,
baseline,trend_state,categorical,ENTRY_TIME,False,267,267,0,down=133 (0.4981); up=134 (0.5019),,,,,,,,,True,exactly determined by side; adds no information
baseline,signal_kind,categorical,ENTRY_TIME,False,267,267,0,breakout=243 (0.9101); retest=24 (0.0899),,,,,,,,,False,
baseline,signal_close,continuous,ENTRY_TIME,True,267,267,0,,267,0,53663.6,123985.5,90785.3168539326,95717.5,19194.4841099676,q05=57947.45; q25=79873.85; q50=95717.5; q75=105076.05; q95=117408.03,True,"price level; would encode calendar position, not context"
baseline,breakout_distance,continuous,ENTRY_TIME,False,267,267,0,,267,0,0.0010031002,0.0494719551,0.005177459,0.0031340888,0.0053805928,q05=0.0011165909; q25=0.0018383727; q50=0.0031340888; q75=0.006599789; q95=0.0138403212,False,
baseline,retest_distance,continuous,ENTRY_TIME,False,267,24,243,,24,243,9.6208e-06,0.0019571899,0.000910133,0.0007877351,0.0006804124,q05=7.24665e-05; q25=0.0002980602; q50=0.0007877351; q75=0.0014927375; q95=0.0019315589,True,present on too few trades to form a defensible cell
baseline,realised_volatility,continuous,ENTRY_TIME,False,267,267,0,,267,0,0.0009830155,0.0216715963,0.0045772294,0.0041424902,0.0024231626,q05=0.0017394152; q25=0.0029794794; q50=0.0041424902; q75=0.0053570947; q95=0.0084468244,False,
baseline,mean_range,continuous,ENTRY_TIME,True,267,267,0,,267,0,173.3,1771.805,594.6159550562,546.165,261.8930362298,q05=268.1725; q25=420.7125; q50=546.165; q75=713.395; q95=1087.066,True,absolute price units; superseded by mean_range_pct
baseline,mean_range_pct,continuous,DERIVED_FROM_ENTRY_TIME,False,267,267,0,,267,0,0.0019492227,0.0299629888,0.0067260032,0.0063114295,0.003065237,q05=0.0030900171; q25=0.0049063791; q50=0.0063114295; q75=0.007809155; q95=0.0119569937,False,
baseline,support_at_entry,continuous,ENTRY_TIME,True,267,267,0,,267,0,48888.0,123261.6,89528.8205992509,93662.2,19202.7166193777,q05=56712.42; q25=75569.25; q50=93662.2; q75=104220.65; q95=116260.6,True,price level; superseded by level_width_pct
baseline,resistance_at_entry,continuous,ENTRY_TIME,True,267,267,0,,267,0,54641.6,126208.5,91834.4958801498,96600.0,19345.3247103134,q05=58560.2; q25=80099.35; q50=96600.0; q75=106450.0; q95=117848.44,True,price level; superseded by level_width_pct
baseline,level_width_pct,continuous,DERIVED_FROM_ENTRY_TIME,False,267,267,0,,267,0,0.004339941,0.1357183767,0.0267654645,0.0234774866,0.0158418893,q05=0.0101134287; q25=0.0172389024; q50=0.0234774866; q75=0.0330974204; q95=0.0517707729,False,
baseline,range_position,continuous,DERIVED_FROM_ENTRY_TIME,False,267,267,0,,267,0,-1.7365175174,2.5233333333,0.4985639144,1.0149615792,0.7871211178,q05=-0.45418266; q25=-0.1518162492; q50=1.0149615792; q75=1.1373575768; q95=1.5583303318,False,
A2,side,categorical,ENTRY_TIME,False,217,217,0,long=109 (0.5023); short=108 (0.4977),,,,,,,,,False,
A2,trend_state,categorical,ENTRY_TIME,False,217,217,0,down=108 (0.4977); up=109 (0.5023),,,,,,,,,True,exactly determined by side; adds no information
A2,signal_kind,categorical,ENTRY_TIME,False,217,217,0,breakout=203 (0.9355); retest=14 (0.0645),,,,,,,,,False,
A2,signal_close,continuous,ENTRY_TIME,True,217,217,0,,217,0,54785.5,123985.5,89347.4635944701,92978.1,19622.3546121276,q05=57880.92; q25=67758.6; q50=92978.1; q75=104350.1; q95=117853.1,True,"price level; would encode calendar position, not context"
A2,breakout_distance,continuous,ENTRY_TIME,False,217,217,0,,217,0,0.0020026702,0.0494719551,0.0067038092,0.004613092,0.0059761029,q05=0.0020857945; q25=0.0028615788; q50=0.004613092; q75=0.008793552; q95=0.0178020341,False,
A2,retest_distance,continuous,ENTRY_TIME,False,217,14,203,,14,203,0.0002380165,0.0019571899,0.0011428282,0.0011263,0.0006458989,q05=0.0002550875; q25=0.0005971353; q50=0.0011263; q75=0.0017649898; q95=0.0019405869,True,present on too few trades to form a defensible cell
A2,realised_volatility,continuous,ENTRY_TIME,False,217,217,0,,217,0,0.001165596,0.0216715963,0.0048081238,0.0043474311,0.0025549686,q05=0.0018749036; q25=0.0030575367; q50=0.0043474311; q75=0.0056681071; q95=0.0089468728,False,
A2,mean_range,continuous,ENTRY_TIME,True,217,217,0,,217,0,176.965,1757.82,607.9425115207,565.79,274.7699973105,q05=260.8; q25=421.62; q50=565.79; q75=735.55; q95=1103.287,True,absolute price units; superseded by mean_range_pct
A2,mean_range_pct,continuous,DERIVED_FROM_ENTRY_TIME,False,217,217,0,,217,0,0.0019492227,0.0299629888,0.0069867247,0.0066513203,0.0032276851,q05=0.0031068879; q25=0.0051051872; q50=0.0066513203; q75=0.0080977741; q95=0.0123760195,False,
A2,support_at_entry,continuous,ENTRY_TIME,True,217,217,0,,217,0,48888.0,123261.6,88056.8718894009,91100.0,19632.0330744498,q05=56557.06; q25=67222.4; q50=91100.0; q75=103805.9; q95=117245.18,True,price level; superseded by level_width_pct
A2,resistance_at_entry,continuous,ENTRY_TIME,True,217,217,0,,217,0,54700.0,126208.5,90427.1751152074,94489.5,19808.5257800245,q05=58451.94; q25=69100.0; q50=94489.5; q75=105900.0; q95=118511.44,True,price level; superseded by level_width_pct
A2,level_width_pct,continuous,DERIVED_FROM_ENTRY_TIME,False,217,217,0,,217,0,0.004339941,0.1357183767,0.0279462709,0.023996888,0.0170607822,q05=0.0096259898; q25=0.0177551533; q50=0.023996888; q75=0.0343959732; q95=0.058627431,False,
A2,range_position,continuous,DERIVED_FROM_ENTRY_TIME,False,217,217,0,,217,0,-2.264732965,2.5233333333,0.4944026088,1.0106840231,0.8661223082,q05=-0.6769831807; q25=-0.2281263429; q50=1.0106840231; q75=1.1951923077; q95=1.6658027248,False,
