config_name,dimension,cell,binning,n_trades,n_windows,window_ids,wins,losses,win_rate,net_pnl_total,net_pnl_mean,net_pnl_median,gross_pnl_total,friction_total,friction_mean,bars_held_mean,bars_held_median,insufficient_sample
baseline,side,long,observed_levels,134,6,1;2;3;4;5;6,44,90,0.328358209,-44.7410230998,-0.3338882321,-1.3180609463,-4.5850318041,40.1559912957,0.2996715768,53.8208955224,39.5,False
baseline,side,short,observed_levels,133,6,1;2;3;4;5;6,40,93,0.3007518797,-89.1185033217,-0.6700639347,-1.1818456163,-49.1821775606,39.9363257611,0.300273126,44.3157894737,31.0,False
baseline,signal_kind,breakout,observed_levels,243,6,1;2;3;4;5;6,74,169,0.304526749,-126.9894517002,-0.5225903362,-1.2812292868,-54.0780758184,72.9113758818,0.3000468143,48.6913580247,35.0,False
baseline,signal_kind,retest,observed_levels,24,6,1;2;3;4;5;6,10,14,0.4166666667,-6.8700747213,-0.2862531134,-1.1178665315,0.3108664537,7.180941175,0.2992058823,53.0833333333,44.5,True
baseline,breakout_distance,q00_q25,predeclared_quartiles_over_whole_sample,67,6,1;2;3;4;5;6,16,51,0.2388059701,-54.2788699418,-0.8101323872,-1.3707058014,-34.206587346,20.0722825958,0.2995863074,37.9552238806,30.0,False
baseline,breakout_distance,q25_q50,predeclared_quartiles_over_whole_sample,67,6,1;2;3;4;5;6,20,47,0.2985074627,-47.6036736809,-0.7105025923,-1.431812494,-27.5521706172,20.0515030637,0.2992761651,45.5820895522,28.0,False
baseline,breakout_distance,q50_q75,predeclared_quartiles_over_whole_sample,66,6,1;2;3;4;5;6,26,40,0.3939393939,-2.2033099299,-0.0333834838,-0.6268773923,17.5567158094,19.7600257393,0.2993943294,57.0303030303,45.0,False
baseline,breakout_distance,q75_inf,predeclared_quartiles_over_whole_sample,67,6,1;2;3;4;5;6,22,45,0.328358209,-29.773672869,-0.4443831771,-1.2812292868,-9.5651672109,20.2085056581,0.3016194874,55.8955223881,42.0,False
baseline,realised_volatility,q00_q25,predeclared_quartiles_over_whole_sample,67,6,1;2;3;4;5;6,21,46,0.3134328358,-24.7366757377,-0.3692041155,-1.1939601988,-4.6453674073,20.0913083305,0.2998702736,42.6119402985,26.0,False
baseline,realised_volatility,q25_q50,predeclared_quartiles_over_whole_sample,67,6,1;2;3;4;5;6,18,49,0.2686567164,-42.0227816958,-0.627205697,-1.1251022726,-21.9607164361,20.0620652597,0.2994338098,46.5074626866,35.0,False
baseline,realised_volatility,q50_q75,predeclared_quartiles_over_whole_sample,66,6,1;2;3;4;5;6,22,44,0.3333333333,-30.9759514672,-0.469332598,-1.1481422147,-11.1564717396,19.8194797276,0.3002951474,52.4545454545,36.5,False
baseline,realised_volatility,q75_inf,predeclared_quartiles_over_whole_sample,67,6,1;2;3;4;5;6,23,44,0.3432835821,-36.1241175208,-0.5391659331,-1.762394947,-16.0046537817,20.1194637391,0.3002905036,54.8208955224,46.0,False
baseline,mean_range_pct,q00_q25,predeclared_quartiles_over_whole_sample,67,6,1;2;3;4;5;6,22,45,0.328358209,-15.2058915063,-0.2269536046,-1.1896789309,4.8934416435,20.0993331498,0.299990047,48.3731343284,35.0,False
baseline,mean_range_pct,q25_q50,predeclared_quartiles_over_whole_sample,67,6,1;2;3;4;5;6,21,46,0.3134328358,-21.5510220481,-0.3216570455,-1.1818456163,-1.4999395807,20.0510824675,0.2992698876,46.6865671642,35.0,False
baseline,mean_range_pct,q50_q75,predeclared_quartiles_over_whole_sample,66,6,1;2;3;4;5;6,23,43,0.3484848485,2.9363433383,0.0444900506,-1.030430718,22.8169381288,19.8805947905,0.3012211332,57.1666666667,40.5,False
baseline,mean_range_pct,q75_inf,predeclared_quartiles_over_whole_sample,67,5,1;2;3;4;6,18,49,0.2686567164,-100.0389562054,-1.4931187493,-2.2534676834,-79.9776495563,20.0613066491,0.2994224873,44.2388059701,31.0,False
baseline,level_width_pct,q00_q25,predeclared_quartiles_over_whole_sample,67,6,1;2;3;4;5;6,20,47,0.2985074627,-26.2699948773,-0.3920894758,-1.1931863888,-6.1561825507,20.1138123266,0.3002061541,45.1492537313,30.0,False
baseline,level_width_pct,q25_q50,predeclared_quartiles_over_whole_sample,67,6,1;2;3;4;5;6,25,42,0.3731343284,-4.0817259387,-0.0609212827,-0.6651529567,16.0032095915,20.0849355303,0.2997751572,54.8208955224,49.0,False
baseline,level_width_pct,q50_q75,predeclared_quartiles_over_whole_sample,66,6,1;2;3;4;5;6,14,52,0.2121212121,-63.5409270488,-0.9627413189,-1.4098543911,-43.7587825598,19.782144489,0.299729462,43.3939393939,31.0,False
baseline,level_width_pct,q75_inf,predeclared_quartiles_over_whole_sample,67,6,1;2;3;4;5;6,25,42,0.3731343284,-39.9668785567,-0.5965205755,-1.7659341914,-19.8554538458,20.1114247109,0.3001705181,52.8955223881,45.0,False
baseline,range_position,q00_q25,predeclared_quartiles_over_whole_sample,67,6,1;2;3;4;5;6,19,48,0.2835820896,-63.2834818332,-0.9445295796,-1.1900565911,-43.1382532157,20.1452286175,0.300675054,42.9850746269,30.0,False
baseline,range_position,q25_q50,predeclared_quartiles_over_whole_sample,67,6,1;2;3;4;5;6,22,45,0.328358209,-20.495501934,-0.3059030139,-1.1416402253,-0.3966383615,20.0988635725,0.2999830384,45.8955223881,33.0,False
baseline,range_position,q50_q75,predeclared_quartiles_over_whole_sample,66,6,1;2;3;4;5;6,16,50,0.2424242424,-71.9510097915,-1.090166815,-1.5838003564,-52.2503726538,19.7006371376,0.2984945021,42.0,32.5,False
baseline,range_position,q75_inf,predeclared_quartiles_over_whole_sample,67,6,1;2;3;4;5;6,27,40,0.4029850746,21.8704671371,0.3264248826,-0.713887571,42.0180548664,20.1475877293,0.3007102646,65.3582089552,45.0,False
A2,side,long,observed_levels,109,6,1;2;3;4;5;6,41,68,0.376146789,-14.0880319398,-0.1292479994,-1.2327376722,18.6234774555,32.7115093952,0.3001055908,64.5321100917,48.0,False
A2,side,short,observed_levels,108,6,1;2;3;4;5;6,33,75,0.3055555556,-58.5953312186,-0.5425493631,-1.2280172483,-26.1726404203,32.4226907983,0.3002101,56.1759259259,46.5,False
A2,signal_kind,breakout,observed_levels,203,6,1;2;3;4;5;6,67,136,0.3300492611,-66.5931585426,-0.328045116,-1.2660435269,-5.6519976861,60.9411608566,0.3002027628,59.5763546798,46.0,False
A2,signal_kind,retest,observed_levels,14,6,1;2;3;4;5;6,7,7,0.5,-6.0902046158,-0.4350146154,-0.3335099583,-1.8971652788,4.193039337,0.2995028098,71.9285714286,72.5,True
A2,breakout_distance,q00_q25,predeclared_quartiles_over_whole_sample,54,6,1;2;3;4;5;6,18,36,0.3333333333,-8.918078189,-0.1651495961,-1.2650436447,7.2420732229,16.160151412,0.2992620632,56.3518518519,37.0,False
A2,breakout_distance,q25_q50,predeclared_quartiles_over_whole_sample,54,6,1;2;3;4;5;6,19,35,0.3518518519,-21.4038720206,-0.3963680004,-0.8922346498,-5.2051634931,16.1987085275,0.2999760838,61.4814814815,48.5,False
A2,breakout_distance,q50_q75,predeclared_quartiles_over_whole_sample,55,6,1;2;3;4;5;6,20,35,0.3636363636,-5.8144257164,-0.1057168312,-1.1899909697,10.6416205097,16.4560462261,0.2992008405,62.4363636364,45.0,False
A2,breakout_distance,q75_inf,predeclared_quartiles_over_whole_sample,54,6,1;2;3;4;5;6,17,37,0.3148148148,-36.5469872324,-0.6767960599,-1.6422822157,-20.2276932043,16.319294028,0.3022091487,61.1851851852,47.0,False
A2,realised_volatility,q00_q25,predeclared_quartiles_over_whole_sample,54,6,1;2;3;4;5;6,22,32,0.4074074074,2.1602698383,0.040004997,-0.6889955725,18.3439486789,16.1836788407,0.2996977563,62.2037037037,46.5,False
A2,realised_volatility,q25_q50,predeclared_quartiles_over_whole_sample,54,6,1;2;3;4;5;6,15,39,0.2777777778,-14.4053067711,-0.2667649402,-1.0897646417,1.7812576173,16.1865643883,0.2997511924,58.9814814815,48.5,False
A2,realised_volatility,q50_q75,predeclared_quartiles_over_whole_sample,55,6,1;2;3;4;5;6,22,33,0.4,20.8455797746,0.3790105414,-0.594248779,37.4358006664,16.5902208918,0.3016403799,72.6363636364,53.0,False
A2,realised_volatility,q75_inf,predeclared_quartiles_over_whole_sample,54,6,1;2;3;4;5;6,15,39,0.2777777778,-81.2839060002,-1.5052575185,-2.4488520713,-65.1101699275,16.1737360728,0.299513631,47.4444444444,40.0,False
A2,mean_range_pct,q00_q25,predeclared_quartiles_over_whole_sample,54,6,1;2;3;4;5;6,19,35,0.3518518519,-0.6109803346,-0.0113144506,-0.7409427659,15.5847608598,16.1957411944,0.2999211332,65.5925925926,52.0,False
A2,mean_range_pct,q25_q50,predeclared_quartiles_over_whole_sample,55,6,1;2;3;4;5;6,20,35,0.3636363636,-2.7931627885,-0.050784778,-0.8899961892,13.702144054,16.4953068424,0.2999146699,61.2727272727,44.0,False
A2,mean_range_pct,q50_q75,predeclared_quartiles_over_whole_sample,54,6,1;2;3;4;5;6,20,34,0.3703703704,16.2348861341,0.3006460395,-1.0763983842,32.5019432398,16.2670571057,0.3012417983,70.4814814815,49.0,False
A2,mean_range_pct,q75_inf,predeclared_quartiles_over_whole_sample,54,5,1;2;3;4;6,15,39,0.2777777778,-85.5141061695,-1.5835945587,-2.5089309062,-69.3380111185,16.176095051,0.2995573158,44.1296296296,31.0,False
A2,level_width_pct,q00_q25,predeclared_quartiles_over_whole_sample,54,6,1;2;3;4;5;6,19,35,0.3518518519,-7.8149707668,-0.1447216809,-1.0952753581,8.4322746074,16.2472453742,0.3008749143,60.8518518519,42.5,False
A2,level_width_pct,q25_q50,predeclared_quartiles_over_whole_sample,55,6,1;2;3;4;5;6,21,34,0.3818181818,2.1557893997,0.0391961709,-0.9375644336,18.6268155357,16.471026136,0.2994732025,71.9636363636,55.0,False
A2,level_width_pct,q50_q75,predeclared_quartiles_over_whole_sample,53,6,1;2;3;4;5;6,13,40,0.2452830189,-9.2946708919,-0.1753711489,-1.1416402253,6.6206044191,15.9152753111,0.3002882134,55.7358490566,37.0,False
A2,level_width_pct,q75_inf,predeclared_quartiles_over_whole_sample,55,6,1;2;3;4;5;6,21,34,0.3818181818,-57.7295108994,-1.0496274709,-1.7659341914,-41.2288575271,16.5006533723,0.3000118795,52.7818181818,46.0,False
A2,range_position,q00_q25,predeclared_quartiles_over_whole_sample,54,6,1;2;3;4;5;6,15,39,0.2777777778,-59.1624220388,-1.0956004081,-1.6356881911,-42.9084943023,16.2539277365,0.3009986618,51.6296296296,36.5,False
A2,range_position,q25_q50,predeclared_quartiles_over_whole_sample,54,6,1;2;3;4;5;6,18,36,0.3333333333,0.5670908202,0.0105016819,-1.0403781419,16.7358538819,16.1687630618,0.2994215382,60.7222222222,49.0,False
A2,range_position,q50_q75,predeclared_quartiles_over_whole_sample,54,6,1;2;3;4;5;6,18,36,0.3333333333,-37.4551436355,-0.693613771,-1.46177354,-21.2982145607,16.1569290749,0.2992023903,56.9259259259,46.5,False
A2,range_position,q75_inf,predeclared_quartiles_over_whole_sample,55,6,1;2;3;4;5;6,23,32,0.4181818182,23.3671116958,0.4248565763,-0.6193012809,39.9216920161,16.5545803204,0.3009923695,72.0,48.0,False
